Cohen,Aaisha,COHAAI000001,MCOMD2SWE
Saunders,Abu,SAUABU000002,MCOMD2SWE
Wagner,Adeel,WAGADE000003,MCOMD2SWE
Beltran,Aidan,BELAID000004,MCOMD2SWE
Atherton,Akeel,ATHAKE000005,MCOMD2SWE
Fritz,Alaw,FRIALA000006,MCOMD2SWE
Dolan,Alexandros,DOLALE000007,MCOMD2SWE
Milner,Aleksander,MILALE000008,MCOMD2SWE
Mcloughlin,Ali,MCLALI000009,MCOMD2SWE
Rich,Allison,RICALL000010,MCOMD2SWE
Flowers,Anabia,FLOANA000011,MCOMD2SWE
Neville,Aniela,NEVANI000012,MCOMD2SWE
Barry,Ariah,BARARI000013,MCOMD2SWE
Gough,Arissa,GOUARI000014,MCOMD2SWE
Wheeler,Arielle,WHEARI000015,MCOMD2SWE
Forrest,Ayisha,FORAYI000016,MCOMD2SWE
Mccarthy,Ayse,MCCAYS000017,MCOMD2SWE
Mcgee,Bertie,MCGBER000018,MCOMD2SWE
Ferry,Bobbie,FERBOB000019,MCOMD2SWE
Leblanc,Brian,LEBBRI000020,MCOMD2SWE
Osborne,Chace,OSBCHA000021,MCOMD2SWE
Farrow,Conah,FARCON000022,MCOMD2SWE
Hawes,Corey,HAWCOR000023,MCOMD2SWE
Kaufman,Coral,KAUCOR000024,MCOMD2SWE
Manning,Corinne,MANCOR000025,MCOMD2SWE
Molloy,Courtney,MOLCOU000026,MCOMD2SWE
Wormald,Crystal,WORCRY000027,MCOMD2SWE
Bate,Daanyaal,BATDAA000028,MCOMD2SWE
Williams,Dana,WILDAN000029,MCOMD2SWE
Watkins,Darlene,WATDAR000030,MCOMD2SWE
Valdez,Demi,VALDEM000031,MCOMD2SWE
Mckenzie,Edmund,MCKEDM000032,MCOMD2SWE
Beck,Elara,BECELA000033,MCOMD2SWE
Bradford,Ella-Mae,BRAELL000034,MCOMD2SWE
Arnold,Emmett,ARNEMM000035,MCOMD2SWE
Hartley,Enrique,HARENR000036,MCOMD2SWE
Hardy,Eoghan,HAREOG000037,MCOMD2SWE
Greig,Ezekiel,GREEZE000038,MCOMD2SWE
Bryan,Faisal,BRYFAI000039,MCOMD2SWE
Leal,Finley,LEAFIN000040,MCOMD2SWE
Fitzpatrick,Fredrick,FITFRE000041,MCOMD2SWE
Bone,Harper-Rose,BONHAR000042,MCOMD2SWE
Dodson,Harriett,DODHAR000043,MCOMD2SWE
Frank,Hasnain,FRAHAS000044,MCOMD2SWE
Carr,Hester,CARHES000045,MCOMD2SWE
Sadler,Israr,SADISR000046,MCOMD2SWE
Chadwick,Jawad,CHAJAW000047,MCOMD2SWE
Andrews,Jeff,ANDJEF000048,MCOMD2SWE
Flores,Jeremiah,FLOJER000049,MCOMD2SWE
Garza,Johnathan,GARJOH000050,MCOMD2SWE
Boyce,Joseff,BOYJOS000051,MCOMD2SWE
Bull,Julian,BULJUL000052,MCOMD2SWE
Rocha,Kaine,ROCKAI000053,MCOMD2SWE
Wilkes,Katherine,WILKAT000054,MCOMD2SWE
Lambert,Keira,LAMKEI000055,MCOMD2SWE
Winters,Keon,WINKEO000056,MCOMD2SWE
Key,Keyaan,KEYKEY000057,MCOMD2SWE
Grey,Khia,GREKHI000058,MCOMD2SWE
Leon,Kiara,LEOKIA000059,MCOMD2SWE
Francis,Kloe,FRAKLO000060,MCOMD2SWE
Wood,Koby,WOOKOB000061,MCOMD2SWE
Bishop,Kush,BISKUS000062,MCOMD2SWE
Riley,Lenny,RILLEN000063,MCOMD2SWE
Kenny,Logan,KENLOG000064,MCOMD2SWE
Southern,Lucien,SOULUC000065,MCOMD2SWE
Cardenas,Macauley,CARMAC000066,MCOMD2SWE
Talbot,Madina,TALMAD000067,MCOMD2SWE
Flynn,Maksim,FLYMAK000068,MCOMD2SWE
Byers,Margaret,BYEMAR000069,MCOMD2SWE
Mcphee,Marius,MCPMAR000070,MCOMD2SWE
Christensen,Max,CHRMAX000071,MCOMD2SWE
Skinner,Miah,SKIMIA000072,MCOMD2SWE
Drew,Mica,DREMIC000073,MCOMD2SWE
Sanderson,Monika,SANMON000074,MCOMD2SWE
Wade,Murphy,WADMUR000075,MCOMD2SWE
Lara,Nadia,LARNAD000076,MCOMD2SWE
Glenn,Nour,GLENOU000077,MCOMD2SWE
Huang,Nusaybah,HUANUS000078,MCOMD2SWE
Akhtar,Paulina,AKHPAU000079,MCOMD2SWE
Mckay,Piper,MCKPIP000080,MCOMD2SWE
Foley,Prisha,FOLPRI000081,MCOMD2SWE
Driscoll,Rachel,DRIRAC000082,MCOMD2SWE
Beach,Rae,BEARAE000083,MCOMD2SWE
Wallis,Reuben,WALREU000084,MCOMD2SWE
Munro,Riaan,MUNRIA000085,MCOMD2SWE
Castillo,Riley-James,CASRIL000086,MCOMD2SWE
Durham,Rohit,DURROH000087,MCOMD2SWE
Lott,Roxanne,LOTROX000088,MCOMD2SWE
Calhoun,Shaan,CALSHA000089,MCOMD2SWE
Becker,Shelbie,BECSHE000090,MCOMD2SWE
Davidson,Shivani,DAVSHI000091,MCOMD2SWE
Brook,Simone,BROSIM000092,MCOMD2SWE
Lynch,Siobhan,LYNSIO000093,MCOMD2SWE
Wright,Skylar,WRISKY000094,MCOMD2SWE
Mckenna,Syed,MCKSYE000095,MCOMD2SWE
Muir,Teo,MUITEO000096,MCOMD2SWE
Chaney,Tina,CHATIN000097,MCOMD2SWE
Crosby,Valentino,CROVAL000098,MCOMD2SWE
Franks,Zakaria,FRAZAK000099,MCOMD2SWE
